{"RMSE": 0.08687121421098709, "_timestamp": 1695967487.6782415, "_runtime": 178.43632459640503, "_step": 815, "model path": "../log_smhi/2023-09-29_06-01-49/model_it_81579", "_wandb": {"runtime": 177}}