{"RMSE": 0.07605025917291641, "_timestamp": 1695980350.1299512, "_runtime": 566.0867502689362, "_step": 1992, "model path": "../log_smhi/2023-09-29_09-29-44/model_it_199264", "_wandb": {"runtime": 565}}