{"RMSE": 0.06782367080450058, "_timestamp": 1695981772.8583577, "_runtime": 363.52034068107605, "_step": 1624, "model path": "../log_smhi/2023-09-29_09-56-49/model_it_162454", "_wandb": {"runtime": 363}}