{"RMSE": 0.21509431302547455, "_timestamp": 1695966702.4652457, "_runtime": 165.981853723526, "_step": 835, "model path": "../log_smhi/2023-09-29_05-48-57/model_it_83530", "_wandb": {"runtime": 165}}