{"RMSE": 0.09302256256341934, "_timestamp": 1695977635.8552532, "_runtime": 440.59051513671875, "_step": 1549, "model path": "../log_smhi/2023-09-29_08-46-36/model_it_154972", "_wandb": {"runtime": 439}}