{"RMSE": 0.06035628914833069, "_timestamp": 1695941516.9207852, "_runtime": 187.7080261707306, "_step": 999, "_wandb": {"runtime": 187}}