{"RMSE": 0.1641741544008255, "_timestamp": 1695980040.9173393, "_runtime": 512.6513752937317, "_step": 1848, "model path": "../log_smhi/2023-09-29_09-25-29/model_it_184872", "_wandb": {"runtime": 511}}