{"RMSE": 0.14701130986213684, "_timestamp": 1695966897.9996643, "_runtime": 184.96757221221924, "_step": 850, "model path": "../log_smhi/2023-09-29_05-51-53/model_it_85055", "_wandb": {"runtime": 184}}