{"RMSE": 0.08854358643293381, "_timestamp": 1695943187.810435, "_runtime": 249.77022910118103, "_step": 999, "model path": "../log_smhi/2023-09-28_23-15-38/model_it_100000", "_wandb": {"runtime": 249}}