{"RMSE": 0.0817975401878357, "_timestamp": 1695975620.3216693, "_runtime": 586.9371664524078, "_step": 1932, "model path": "../log_smhi/2023-09-29_08-10-33/model_it_193288", "_wandb": {"runtime": 586}}