{"RMSE": 0.06499963998794556, "_timestamp": 1695987069.4053028, "_runtime": 1370.2336518764496, "_step": 1539, "_wandb": {"runtime": 1369}}