{"RMSE": 0.08904635161161423, "_timestamp": 1695978665.0815399, "_runtime": 532.719831943512, "_step": 1889, "model path": "../log_smhi/2023-09-29_09-02-13/model_it_188930", "_wandb": {"runtime": 531}}