{"RMSE": 0.09945729374885559, "_timestamp": 1695965716.3452246, "_runtime": 90.43953061103821, "_step": 533, "model path": "../log_smhi/2023-09-29_05-33-46/model_it_53397", "_wandb": {"runtime": 90}}