{"RMSE": 0.08892227709293365, "_timestamp": 1695980541.5117414, "_runtime": 489.93143248558044, "_step": 1776, "model path": "../log_smhi/2023-09-29_09-34-12/model_it_177678", "_wandb": {"runtime": 489}}