{"RMSE": 0.07604935765266418, "_timestamp": 1695948557.5110931, "_runtime": 241.7776472568512, "_step": 881, "_wandb": {"runtime": 241}}