{"RMSE": 0.07874324172735214, "_timestamp": 1695967115.7120414, "_runtime": 163.133549451828, "_step": 770, "model path": "../log_smhi/2023-09-29_05-55-53/model_it_77029", "_wandb": {"runtime": 162}}