{"RMSE": 0.06706693023443222, "_timestamp": 1695967864.416865, "_runtime": 204.32844018936157, "_step": 910, "model path": "../log_smhi/2023-09-29_06-07-40/model_it_91042", "_wandb": {"runtime": 203}}