{"RMSE": 0.0592782236635685, "_timestamp": 1695979775.8734763, "_runtime": 499.4658992290497, "_step": 1829, "model path": "../log_smhi/2023-09-29_09-21-17/model_it_182941", "_wandb": {"runtime": 498}}