{"RMSE": 0.08523199707269669, "_timestamp": 1695974235.1760225, "_runtime": 241.10186743736267, "_step": 1092, "model path": "../log_smhi/2023-09-29_07-53-14/model_it_109216", "_wandb": {"runtime": 240}}