{"RMSE": 0.13844232261180878, "_timestamp": 1695967259.687928, "_runtime": 154.74746799468994, "_step": 742, "model path": "../log_smhi/2023-09-29_05-58-25/model_it_74290", "_wandb": {"runtime": 154}}