{"RMSE": 0.07715015858411789, "_timestamp": 1695983865.6336372, "_runtime": 2078.6636192798615, "_step": 4483, "_wandb": {"runtime": 2078}}