{"RMSE": 0.07466419041156769, "_timestamp": 1695980924.0840025, "_runtime": 565.0676174163818, "_step": 1919, "model path": "../log_smhi/2023-09-29_09-39-19/model_it_191967", "_wandb": {"runtime": 564}}