{"RMSE": 0.11543235182762146, "_timestamp": 1695966795.4259248, "_runtime": 179.7654218673706, "_step": 814, "model path": "../log_smhi/2023-09-29_05-50-16/model_it_81481", "_wandb": {"runtime": 179}}