{"RMSE": 0.05617734417319298, "_timestamp": 1695979268.6342895, "_runtime": 566.0458536148071, "_step": 1940, "model path": "../log_smhi/2023-09-29_09-11-43/model_it_194042", "_wandb": {"runtime": 565}}