{"RMSE": 0.0819467306137085, "_timestamp": 1695976409.4275146, "_runtime": 433.1924526691437, "_step": 1604, "model path": "../log_smhi/2023-09-29_08-26-16/model_it_160421", "_wandb": {"runtime": 432}}