{"RMSE": 0.08847672492265701, "_timestamp": 1695967453.6819541, "_runtime": 183.04502725601196, "_step": 838, "model path": "../log_smhi/2023-09-29_06-01-11/model_it_83824", "_wandb": {"runtime": 182}}