{"RMSE": 0.08111639320850372, "_timestamp": 1695986570.513772, "_runtime": 253.56870412826538, "_step": 999, "model path": "../log_smhi/2023-09-29_11-18-37/model_it_100000", "_wandb": {"runtime": 253}}