{"RMSE": 0.12361925095319748, "_timestamp": 1695974470.017394, "_runtime": 125.01444911956787, "_step": 588, "model path": "../log_smhi/2023-09-29_07-59-05/model_it_58834", "_wandb": {"runtime": 124}}