{"RMSE": 0.04820907488465309, "_timestamp": 1695965888.6570287, "_runtime": 61.4010796546936, "_step": 366}