{"RMSE": 0.08019893616437912, "_timestamp": 1695981144.8132641, "_runtime": 591.3190832138062, "_step": 1945, "model path": "../log_smhi/2023-09-29_09-42-34/model_it_194599", "_wandb": {"runtime": 590}}