{"RMSE": 0.13566963374614716, "_timestamp": 1695974217.8074355, "_runtime": 136.83134841918945, "_step": 632, "model path": "../log_smhi/2023-09-29_07-54-41/model_it_63254", "_wandb": {"runtime": 136}}