{"RMSE": 0.11040123552083969, "_timestamp": 1695978122.186047, "_runtime": 476.7833089828491, "_step": 1711, "model path": "../log_smhi/2023-09-29_08-54-06/model_it_171133", "_wandb": {"runtime": 476}}