{"RMSE": 0.17374412715435028, "_timestamp": 1695968051.8363645, "_runtime": 174.8275215625763, "_step": 774}