{"RMSE": 0.15920822322368622, "_timestamp": 1695981392.8292506, "_runtime": 460.01568055152893, "_step": 1853, "model path": "../log_smhi/2023-09-29_09-48-54/model_it_185374", "_wandb": {"runtime": 458}}