{"RMSE": 0.07051175087690353, "_timestamp": 1695976733.4895446, "_runtime": 577.5957887172699, "_step": 1996, "model path": "../log_smhi/2023-09-29_08-29-16/model_it_199658", "_wandb": {"runtime": 577}}