{"RMSE": 0.17559148371219635, "_timestamp": 1695973985.346763, "_runtime": 100.55485081672668, "_step": 555, "model path": "../log_smhi/2023-09-29_07-51-25/model_it_55546", "_wandb": {"runtime": 100}}