{"RMSE": 0.13726560771465302, "_timestamp": 1695966941.9416847, "_runtime": 133.81020069122314, "_step": 632, "model path": "../log_smhi/2023-09-29_05-53-28/model_it_63250", "_wandb": {"runtime": 133}}