{"RMSE": 0.07047673314809799, "_timestamp": 1695975959.0012803, "_runtime": 542.7910873889923, "_step": 1880, "model path": "../log_smhi/2023-09-29_08-16-56/model_it_188007", "_wandb": {"runtime": 542}}