{"RMSE": 0.14153721928596497, "_timestamp": 1695978691.4719381, "_runtime": 526.716747045517, "_step": 1912, "model path": "../log_smhi/2023-09-29_09-02-45/model_it_191233", "_wandb": {"runtime": 526}}