{"RMSE": 0.04062945395708084, "_timestamp": 1695977586.3355227, "_runtime": 579.9409596920013, "_step": 1997, "model path": "../log_smhi/2023-09-29_08-43-27/model_it_199755", "_wandb": {"runtime": 579}}