{"RMSE": 0.14242243766784668, "_timestamp": 1695967651.134287, "_runtime": 146.63292002677917, "_step": 696, "model path": "../log_smhi/2023-09-29_06-05-05/model_it_69662", "_wandb": {"runtime": 146}}