{"RMSE": 0.08838532865047455, "_timestamp": 1695942269.982921, "_runtime": 194.24068593978882, "_step": 999, "_wandb": {"runtime": 193}}