{"RMSE": 0.058384478092193604, "_timestamp": 1695967842.5032632, "_runtime": 194.5495572090149, "_step": 882, "model path": "../log_smhi/2023-09-29_06-07-28/model_it_88208", "_wandb": {"runtime": 193}}