{"RMSE": 0.09502219408750534, "_timestamp": 1695979519.3014534, "_runtime": 576.045910358429, "_step": 1796, "model path": "../log_smhi/2023-09-29_09-15-43/model_it_179633", "_wandb": {"runtime": 575}}