{"RMSE": 0.15482401847839355, "_timestamp": 1695965334.201916, "_runtime": 40.3297438621521, "_step": 242, "_wandb": {"runtime": 39}}