{"RMSE": 0.050137344747781754, "_timestamp": 1695982331.2928488, "_runtime": 549.0211927890778, "_step": 1917, "model path": "../log_smhi/2023-09-29_10-03-02/model_it_191734", "_wandb": {"runtime": 548}}