{"RMSE": 0.050765205174684525, "_timestamp": 1695976995.0936477, "_runtime": 577.8283336162567, "_step": 1972, "model path": "../log_smhi/2023-09-29_08-33-37/model_it_197228", "_wandb": {"runtime": 577}}