{"RMSE": 0.05300451070070267, "_timestamp": 1695978147.875231, "_runtime": 552.2326700687408, "_step": 1938, "model path": "../log_smhi/2023-09-29_08-53-16/model_it_193831", "_wandb": {"runtime": 551}}