{"RMSE": 0.06617947667837143, "_timestamp": 1695965809.9497952, "_runtime": 85.70937728881836, "_step": 501, "model path": "../log_smhi/2023-09-29_05-35-24/model_it_50123", "_wandb": {"runtime": 85}}