{"RMSE": 0.11600125581026077, "_timestamp": 1695982845.0148969, "_runtime": 503.0806658267975, "_step": 1844, "model path": "../log_smhi/2023-09-29_10-12-22/model_it_184461", "_wandb": {"runtime": 502}}