{"RMSE": 0.10962607711553574, "_timestamp": 1695974334.2069695, "_runtime": 107.5968234539032, "_step": 519, "model path": "../log_smhi/2023-09-29_07-57-07/model_it_51901", "_wandb": {"runtime": 107}}