{"RMSE": 0.08999954909086227, "_timestamp": 1695965614.664427, "_runtime": 170.10228514671326, "_step": 925, "model path": "../log_smhi/2023-09-29_05-30-45/model_it_92542", "_wandb": {"runtime": 169}}