{"RMSE": 0.0911404937505722, "_timestamp": 1695967635.9924316, "_runtime": 173.73836064338684, "_step": 806, "model path": "../log_smhi/2023-09-29_06-04-22/model_it_80620", "_wandb": {"runtime": 173}}