{"RMSE": 0.09126526117324829, "_timestamp": 1695968051.9759111, "_runtime": 192.44233107566833, "_step": 862}