{"RMSE": 0.05686703324317932, "_timestamp": 1695976145.0164576, "_runtime": 515.8868625164032, "_step": 1855, "model path": "../log_smhi/2023-09-29_08-20-29/model_it_185542", "_wandb": {"runtime": 515}}