{"RMSE": 0.07575447112321854, "_timestamp": 1695967087.680931, "_runtime": 178.0199429988861, "_step": 826, "model path": "../log_smhi/2023-09-29_05-55-10/model_it_82653", "_wandb": {"runtime": 177}}