{"RMSE": 0.12305818498134613, "_timestamp": 1695978933.612085, "_runtime": 258.64833998680115, "_step": 1034, "model path": "../log_smhi/2023-09-29_09-11-15/model_it_103434", "_wandb": {"runtime": 258}}