{"RMSE": 0.04156985878944397, "_timestamp": 1695967301.4692466, "_runtime": 168.89326763153076, "_step": 777, "model path": "../log_smhi/2023-09-29_05-58-53/model_it_77797", "_wandb": {"runtime": 168}}