{"RMSE": 0.07788612693548203, "_timestamp": 1695975022.9932258, "_runtime": 543.4645829200745, "_step": 1835, "model path": "../log_smhi/2023-09-29_08-01-20/model_it_183515", "_wandb": {"runtime": 542}}