{"RMSE": 0.08193878829479218, "_timestamp": 1695974953.2642512, "_runtime": 256.43603229522705, "_step": 1092, "model path": "../log_smhi/2023-09-29_08-04-57/model_it_109260", "_wandb": {"runtime": 255}}