{"RMSE": 0.11565151810646057, "_timestamp": 1695974686.2014773, "_runtime": 434.3312692642212, "_step": 1636, "model path": "../log_smhi/2023-09-29_07-57-32/model_it_163689", "_wandb": {"runtime": 433}}