{"RMSE": 0.06121258810162544, "_timestamp": 1695975408.9818885, "_runtime": 438.2239534854889, "_step": 1594, "model path": "../log_smhi/2023-09-29_08-09-31/model_it_159411", "_wandb": {"runtime": 437}}