{"RMSE": 0.06430123746395111, "_timestamp": 1695977187.6613672, "_runtime": 445.5225501060486, "_step": 1681, "model path": "../log_smhi/2023-09-29_08-39-02/model_it_168108", "_wandb": {"runtime": 444}}